Month,Revenue,Expenses,Marketing Spend,Customers Acquired,Burn Rate,CAC,Revenue per Customer,LTV,LTV to CAC Ratio
January,120000,200000,40000,100,80000,400.0,1200.0,14400.0,36.0
February,150000,210000,35000,90,60000,388.8888888888889,1666.6666666666667,20000.0,51.42857142857142
March,180000,190000,45000,120,10000,375.0,1500.0,18000.0,48.0
April,200000,230000,46000,130,30000,353.84615384615387,1538.4615384615386,18461.53846153846,52.17391304347826
May,220000,240000,48000,125,20000,384.0,1760.0,21120.0,55.0
June,250000,250000,47000,135,0,348.14814814814815,1851.851851851852,22222.222222222223,63.829787234042556
